Service,ID,Grade,Slug,Reviewed
Facebook,182,E,facebook,True
Google,217,E,google,True
Amazon,194,E,reddit,True
WhatsApp,265,B,wikipedia,True
Twitter,195,E,twitter,True
Instagram,219,E,instagram,True
Netflix,185,D,netflix,True
Spotify,222,C,duckduckgo,True
Microsoft,244,E,microsoft_services,True
Apple,216,D,salesforce,False
Steam,340,N/A,bitcasa_discontinued,False
TikTok,295,N/A,makeuseofdeals,False
YouTube,274,E,youtube,True
Discord,536,D,discord,True
iCloud,291,D,icloud,
pCloud,2429,C,pcloud,
Upcloud,1377,B,upcloud,
StreamingSearch ,4730,C,streamingsearch,
Media Creek,3391,N/A,media_creek,
BestFreeStreaming.org,10216,N/A,bestfreestreaming-org,
Wargaming,4539,N/A,wargaming,
PCGamingWiki,2573,C,pcgamingwiki,
Grabify IP Logger,4937,N/A,grabify-ip-logger,
