Platform,Year,DODI_Score,License_Ratio,Readability,Red_Flags,Ownership_Count,License_Count
Adobe,2015,85.7,17.56,13.2,39,9,158
Adobe,2018,90.1,21.5,13.8,44,8,172
Adobe,2021,94.5,19.92,14.2,77,12,239
Adobe,2024,95.7,19.18,14.6,135,17,326
Amazon,2015,73.1,5.94,15.0,43,16,95
Amazon,2018,69.9,5.82,14.6,40,17,99
Amazon,2021,63.7,5.71,14.9,27,17,97
Amazon,2024,63.4,5.62,15.0,27,16,90
Facebook,2015,72.1,8.4,13.6,25,5,42
Facebook,2018,77.3,10.75,13.4,21,4,43
Facebook,2021,80.2,14.25,13.8,24,4,57
Facebook,2024,84.3,9.38,14.9,32,8,75
Gog,2015,27.4,1.87,10.3,22,45,84
Gog,2018,39.4,1.8,10.4,46,61,110
Gog,2021,45.1,2.87,11.1,42,47,135
Gog,2024,47.7,3.3,11.2,42,46,152
Microsoft,2015,75.3,7.55,12.0,121,42,317
Microsoft,2018,76.0,7.45,12.4,145,58,432
Microsoft,2021,73.4,6.79,12.6,142,63,428
Microsoft,2024,82.6,8.26,13.2,183,61,504
Netflix,2015,72.9,79,12.9,15,0,79
Netflix,2018,74.9,61.0,13.1,18,1,61
Netflix,2021,94.5,31.33,14.2,56,3,94
Netflix,2024,82.4,98.0,13.6,30,1,98
Spotify,2015,100.0,14.55,17.1,75,11,160
Spotify,2018,100.0,10.71,17.0,145,21,225
Spotify,2021,90.2,8.04,17.9,145,26,209
Spotify,2024,87.2,7.43,18.3,184,23,171
Steam,2015,81.5,6.41,15.8,92,37,237
Steam,2018,77.2,5.45,17.0,94,38,207
Steam,2021,79.8,6.05,15.9,105,42,254
Steam,2024,94.1,8.97,15.8,109,29,260
Twitter,2015,95.5,20.0,16.8,41,7,140
Twitter,2018,98.5,33.29,15.5,53,7,233
Twitter,2021,100.0,34.43,16.1,59,7,241
Twitter,2024,99.5,26.82,15.8,73,11,295
Ubisoft,2015,91.8,8.35,18.6,131,54,451
Ubisoft,2018,98.4,9.69,18.4,124,45,436
Ubisoft,2021,81.6,6.66,15.5,94,35,233
Ubisoft,2024,80.0,6.29,15.5,88,34,214
