platform,year,sale_type,buy_wording,licence_at_sale,promise,page,snapshot,evidence
adobe,2024,subscription,yes,no,0.5,www.adobe.com/creativecloud/plans.html,https://web.archive.org/web/20240501164239/https://www.adobe.com/creativecloud/plans.html,"""Creative Cloud All Apps per license ... Secure transaction Buy now"" on monthly plans (""free trial"" 47 times); ""per license"" is seat pricing, not an ownership disclosure"
amazon,2024,one-time,yes,no,1.0,www.amazon.com/Atomic-Habits-Proven-Build-Break-ebook/dp/B07D23CFGR,https://web.archive.org/web/20240418194920/https://www.amazon.com/Atomic-Habits-Proven-Build-Break-ebook/dp/B07D23CFGR,"""Kindle Price: $13.99 ... Buy now with 1-Click""; no licence wording on the page"
facebook,2024,none,no,no,0.0,,,"Facebook sells no content to users, so there is no purchase page"
gog,2024,one-time,yes,no,1.0,www.gog.com/en/game/cyberpunk_2077,https://web.archive.org/web/20240509184045/https://www.gog.com/en/game/cyberpunk_2077,"""Buy now""; library items are labelled ""Owned""; ""DRM-free"" twice; no licence wording"
microsoft,2024,one-time,yes,no,1.0,www.xbox.com/en-US/games/store/cyberpunk-2077/bx3m8l83bbrw,https://web.archive.org/web/20240622030919/https://www.xbox.com/en-US/games/store/cyberpunk-2077/bx3m8l83bbrw,"Page title ""Buy Cyberpunk 2077 | Xbox""; the one ""Licensing"" hit is a footer link"
netflix,2024,subscription,no,no,0.0,www.netflix.com/,https://web.archive.org/web/20240501011158/https://www.netflix.com/,"""all for one low monthly price""; ""Plans range from $6.99 to $22.99 a month""; the only ""Buy"" is ""Buy Gift Cards"""
spotify,2024,subscription,no,no,0.0,www.spotify.com/us/premium/,https://web.archive.org/web/20240501214608/https://www.spotify.com/us/premium/,"""Try free for 3 months ... $10.99/month after""; ""Cancel anytime"""
steam,2024,one-time,yes,no,1.0,store.steampowered.com/app/1091500/Cyberpunk_2077/,https://web.archive.org/web/20240716061817/https://store.steampowered.com/app/1091500/Cyberpunk_2077,"""Buy Cyberpunk 2077 $59.99 Add to Cart""; no licence wording on the page"
twitter,2024,subscription,no,no,0.0,help.x.com/en/using-x/x-premium,https://web.archive.org/web/20240517171600/https://help.x.com/en/using-x/x-premium,"""Subscribe now with localized pricing starting at $3/month""; X sells subscriptions, not content"
ubisoft,2024,one-time,cart,no,1.0,store.ubisoft.com/us/home,https://web.archive.org/web/20240519043853/https://store.ubisoft.com/us/home,"""Assassin's Creed Shadows Standard Edition $69.99 Add To Cart""; Ubisoft+ subscription also offered"
adobe,2025,subscription,yes,no,0.5,www.adobe.com/creativecloud/plans.html,https://web.archive.org/web/20250401183031/https://www.adobe.com/creativecloud/plans.html,"""Select number of licenses Secure transaction Buy now Acrobat Pro per license Annual, billed monthly""; unchanged from 2024"
amazon,2025,one-time,yes,yes,1.0,www.amazon.com/Atomic-Habits-Proven-Build-Break-ebook/dp/B07D23CFGR,https://web.archive.org/web/20250514112952/https://www.amazon.com/Atomic-Habits-Proven-Build-Break-ebook/dp/B07D23CFGR,"""Buy now with 1-Click By placing an order, you're purchasing a content license & agreeing to Kindle's Store Terms of Use""; this notice was not on the April 2024 capture"
gog,2025,one-time,yes,no,1.0,www.gog.com/en/game/cyberpunk_2077,https://web.archive.org/web/20250402174815/https://www.gog.com/en/game/cyberpunk_2077,"""Buy now""; library items still labelled ""Owned""; unchanged from 2024"
microsoft,2025,one-time,yes,no,1.0,www.xbox.com/en-US/games/store/cyberpunk-2077/bx3m8l83bbrw,https://web.archive.org/web/20250407105757/https://www.xbox.com/en-us/games/store/cyberpunk-2077/bx3m8l83bbrw,"Page title ""Buy Cyberpunk 2077 | Xbox""; no licence wording; unchanged from 2024"
netflix,2025,subscription,no,no,0.0,www.netflix.com/,https://web.archive.org/web/20250401021629/https://www.netflix.com/,"monthly plans only; unchanged from 2024"
spotify,2025,subscription,no,no,0.0,www.spotify.com/us/premium/,https://web.archive.org/web/20250401021959/https://www.spotify.com/us/premium/,"monthly plans with a free trial; unchanged from 2024"
steam,2025,one-time,yes,no,1.0,store.steampowered.com/app/1091500/Cyberpunk_2077/,https://web.archive.org/web/20250416133441/https://store.steampowered.com/app/1091500/Cyberpunk_2077/,"""Buy Cyberpunk 2077 59,99€ Add to Cart""; no licence wording on the product page (this capture was crawled from the EU, so a US-only notice would not show)"
twitter,2025,subscription,no,no,0.0,help.x.com/en/using-x/x-premium,https://web.archive.org/web/20250401030259/https://help.x.com/en/using-x/x-premium,"subscription pricing; unchanged from 2024"
facebook,2025,none,no,no,0.0,,,"Facebook sells no content to users, so there is no purchase page"
